Millis,Data,Torque(Nm),Thrust(Kg),AC1(A),AC2(A),AC3(A),DC_Total(A),Voltage(V),Electrical power(W),RPM,Throttle(%), Motor State
11564,2025-12-16 09:47:13,"0,001",0,"0,33","0,35","0,32",0,"16,72",0,0,0,STOP
12631,2025-12-16 09:47:14,"0,002",0,"0,34","0,34","0,31",0,"16,72",0,0,0,STOP
13697,2025-12-16 09:47:15,0,0,"0,34","0,36","0,32",0,"16,72",0,0,0,STOP
14764,2025-12-16 09:47:16,"0,002",0,"0,34","0,36","0,33",0,"16,72",0,0,0,STOP
15734,2025-12-16 09:47:17,"0,002",0,"0,33","0,34","0,35",0,"16,72",0,0,0,STOP
16703,2025-12-16 09:47:18,"0,002",0,"0,32","0,35","0,33",0,"16,72",0,0,0,STOP
17770,2025-12-16 09:47:19,"0,002",0,"0,35","0,36","0,32",0,"16,72",0,0,0,STOP
18740,2025-12-16 09:47:20,"0,002",0,"0,31","0,34","0,31",0,"16,72",0,0,0,STOP
19710,2025-12-16 09:47:21,"0,001",0,"0,3","0,36","0,35",0,"16,72",0,0,0,STOP
20678,2025-12-16 09:47:22,"0,001","0,001","0,33","0,35","0,36",0,"16,72",0,0,0,STOP
21649,2025-12-16 09:47:23,"0,002",0,"0,31","0,35","0,34",0,"16,72",0,0,0,STOP
22619,2025-12-16 09:47:24,"0,001",0,"0,35","0,35","0,33",0,"16,72",0,0,0,STOP
23587,2025-12-16 09:47:25,"0,001",0,"0,32","0,34","0,34",0,"16,72",0,0,0,STOP
24557,2025-12-16 09:47:26,0,"0,001","0,32","0,33","0,35",0,"16,72",0,0,0,STOP
25526,2025-12-16 09:47:27,"-0,001",0,"0,31","0,33","0,33",0,"16,72",0,0,0,STOP
26496,2025-12-16 09:47:27,0,0,"0,34","0,35","0,31",0,"16,72",0,0,0,STOP
27563,2025-12-16 09:47:29,"0,001",0,"0,34","0,32","0,32",0,"16,72",0,0,0,STOP
28532,2025-12-16 09:47:30,"-0,001",0,"0,32","0,36","0,32",0,"16,72",0,0,0,STOP
29502,2025-12-16 09:47:30,"0,001",0,"0,31","0,34","0,34",0,"16,72",0,0,0,STOP
30471,2025-12-16 09:47:31,"0,001",0,"0,31","0,33","0,33",0,"16,72",0,0,0,STOP
31441,2025-12-16 09:47:32,0,0,"0,34","0,32","0,33",0,"16,72",0,0,0,STOP
32411,2025-12-16 09:47:33,"-0,001",0,"0,34","0,34","0,31",0,"16,72",0,0,0,STOP
33380,2025-12-16 09:47:34,"0,001",0,"0,36","0,33","0,34",0,"16,72",0,0,0,STOP
34350,2025-12-16 09:47:35,0,0,"0,34","0,33","0,34",0,"16,72",0,0,0,STOP
35319,2025-12-16 09:47:36,0,0,"0,31","0,33","0,34",0,"16,72",0,0,0,STOP
36288,2025-12-16 09:47:37,"0,003",0,"0,34","0,37","0,32",0,"16,72",0,0,0,STOP
37354,2025-12-16 09:47:38,"0,001",0,"0,33","0,33","0,32",0,"16,72",0,0,0,STOP
38323,2025-12-16 09:47:39,"0,001","0,001","0,36","0,38","0,36",0,"16,72",0,0,0,STOP
39293,2025-12-16 09:47:40,"0,001","-0,001","0,33","0,36","0,32",0,"16,72",0,0,0,STOP
40262,2025-12-16 09:47:41,0,0,"0,34","0,35","0,31",0,"16,72",0,0,0,STOP
41231,2025-12-16 09:47:42,0,0,"0,35","0,33","0,3",0,"16,72",0,0,0,STOP
42201,2025-12-16 09:47:43,"0,002",0,"0,33","0,35","0,32",0,"16,72",0,0,0,STOP
43267,2025-12-16 09:47:44,"0,002","-0,001","0,35","0,36","0,36",0,"16,72",0,0,0,STOP
44236,2025-12-16 09:47:45,"0,002",0,"0,34","0,35","0,33",0,"16,72",0,0,0,STOP
45206,2025-12-16 09:47:46,"0,002",0,"0,33","0,34","0,33",0,"16,72",0,0,0,STOP
46175,2025-12-16 09:47:47,"0,003",0,"0,33","0,36","0,33",0,"16,72",0,0,0,STOP
47145,2025-12-16 09:47:48,"0,001",0,"0,35","0,34","0,34",0,"16,72",0,0,0,STOP
48113,2025-12-16 09:47:49,"0,002","-0,001","0,34","0,34","0,32",0,"16,72",0,0,0,STOP
49082,2025-12-16 09:47:50,"0,002","-0,001","0,34","0,34","0,34",0,"16,72",0,0,0,STOP
50149,2025-12-16 09:47:51,"0,002","-0,001","0,33","0,36","0,35",0,"16,72",0,0,0,STOP
51119,2025-12-16 09:47:52,"0,002","-0,001","0,33","0,34","0,31",0,"16,72",0,0,0,STOP
52087,2025-12-16 09:47:53,"0,002","-0,001","0,37","0,34","0,32",0,"16,72",0,0,0,STOP
53057,2025-12-16 09:47:54,"0,002","-0,001","0,33","0,35","0,36",0,"16,72",0,0,0,STOP
54027,2025-12-16 09:47:55,"0,002",0,"0,33","0,31","0,34",0,"16,72",0,0,0,STOP
54995,2025-12-16 09:47:56,"0,001","-0,001","0,36","0,33","0,35",0,"16,72",0,0,0,STOP
56063,2025-12-16 09:47:57,"0,001",0,"0,35","0,32","0,33","-0,32","16,72",0,0,0,STOP
57032,2025-12-16 09:47:58,"0,001",0,"0,35","0,33","0,34",0,"16,72",0,0,0,STOP
58197,2025-12-16 09:47:59,"0,001",0,"0,34","0,32","0,36",0,"16,72",0,0,0,STOP
59166,2025-12-16 09:48:00,"0,001",0,"0,33","0,34","0,34","-0,3","16,72",0,0,0,STOP
60135,2025-12-16 09:48:01,"0,001",0,"0,37","0,34","0,35","-0,32","16,72",0,0,0,STOP
61105,2025-12-16 09:48:02,"0,001",0,"0,3","0,32","0,34","-0,33","16,72",0,0,0,STOP
62074,2025-12-16 09:48:03,"0,001",0,"0,35","0,33","0,32","-0,32","16,72",0,0,0,STOP
63043,2025-12-16 09:48:04,"0,001",0,"0,31","0,31","0,34","-0,32","16,72",0,0,0,STOP
64012,2025-12-16 09:48:05,"0,003",0,"0,33","0,32","0,32","-0,3","16,72",0,0,0,STOP
64982,2025-12-16 09:48:06,"0,001",0,"0,34","0,33","0,33","-0,32","16,72",0,0,0,STOP
65951,2025-12-16 09:48:07,"0,001",0,"0,35","0,34","0,35","-0,35","16,72",0,0,0,STOP
66920,2025-12-16 09:48:08,"0,002",0,"0,34","0,32","0,34","-0,36","16,72",0,0,0,STOP
67889,2025-12-16 09:48:09,0,0,"0,36","0,34","0,33","-0,36","16,72",0,0,0,STOP
68859,2025-12-16 09:48:10,"0,002",0,"0,36","0,32","0,33","-0,35","16,72",0,0,0,STOP
69925,2025-12-16 09:48:11,0,0,"0,36","0,32","0,34","-0,36","16,72",0,0,0,STOP
70894,2025-12-16 09:48:12,"0,001",0,"0,34","0,31","0,33","-0,36","16,72",0,0,0,STOP
71863,2025-12-16 09:48:13,0,"0,001","0,35",0,"0,32","-0,34","16,72",0,0,0,STOP
72832,2025-12-16 09:48:14,0,"0,001","0,37","0,3","0,34","-0,34","16,72",0,0,0,STOP
73802,2025-12-16 09:48:15,0,0,"0,37","0,35","0,35","-0,33","16,72",0,0,0,STOP
74771,2025-12-16 09:48:16,"0,001",0,"0,35","0,36","0,35","-0,37","16,72",0,0,0,STOP
75740,2025-12-16 09:48:17,"0,001",0,"0,34","0,36","0,34",0,"16,72",0,0,0,STOP
76709,2025-12-16 09:48:18,"0,001","0,002","0,33","0,33","0,31",0,"16,71",0,0,0,STOP
77679,2025-12-16 09:48:19,"0,002","0,001","0,34","0,36","0,34",0,"16,72",0,0,0,CALC_DEG
78648,2025-12-16 09:48:20,"0,001","0,001","0,34","0,39","0,33",0,"16,72",0,0,0,RAMPA
79617,2025-12-16 09:48:21,"0,001",0,"0,35","0,35","0,33",0,"16,72",0,0,0,RAMPA
80587,2025-12-16 09:48:22,"0,002",0,"0,36","0,35","0,35",0,"16,72",0,0,0,RAMPA
81556,2025-12-16 09:48:23,"0,001",0,"0,38","0,34","0,34",0,"16,72",0,0,1,RAMPA
82623,2025-12-16 09:48:24,"0,001",0,"0,36","0,34","0,34",0,"16,72",0,0,1,RAMPA
83593,2025-12-16 09:48:25,"0,001","0,001","0,34","0,34","0,32",0,"16,71",0,0,2,RAMPA
84562,2025-12-16 09:48:26,"0,001",0,"0,34","0,36","0,34",0,"16,72",0,0,2,RAMPA
85532,2025-12-16 09:48:27,"0,001","0,001","0,35","0,36","0,33",0,"16,72",0,0,2,RAMPA
86502,2025-12-16 09:48:27,"0,002",0,"0,34","0,35","0,37",0,"16,72",0,0,3,RAMPA
87471,2025-12-16 09:48:28,"0,001",0,"0,36","0,35","0,35",0,"16,72",0,0,3,RAMPA
88441,2025-12-16 09:48:29,"0,002","0,001","0,37","0,34","0,32",0,"16,72",0,0,4,RAMPA
89410,2025-12-16 09:48:30,"0,001",0,"0,36","0,35","0,32",0,"16,72",0,0,4,RAMPA
90380,2025-12-16 09:48:31,"0,001",0,"0,33","0,34","0,34",0,"16,71",0,0,4,RAMPA
91447,2025-12-16 09:48:32,"0,002","-0,016","0,4","0,42","0,42",0,"16,72",0,"1373,7",5,RAMPA
92416,2025-12-16 09:48:33,"0,02","-0,008","0,37","0,35","0,36",0,"16,72",0,"1026,1",5,RAMPA
93385,2025-12-16 09:48:34,"0,008","-0,001","0,35","0,33","0,36","-0,31","16,72",0,"123,8",6,RAMPA
94355,2025-12-16 09:48:35,"0,008","-0,001","0,35","0,35","0,36",0,"16,71",0,0,6,RAMPA
95324,2025-12-16 09:48:36,"0,008","-0,001","0,35","0,34","0,36","-0,3","16,72",0,0,6,RAMPA
96293,2025-12-16 09:48:37,"0,01","-0,002","5,8","5,92","5,8","1,66","16,68","27,68",690,7,RAMPA
97360,2025-12-16 09:48:38,"0,07","-0,05","2,12","2,1","2,1",0,"16,7",0,"2775,5",7,RAMPA
98329,2025-12-16 09:48:39,"0,043","-0,031","2,29","2,2","2,2",0,"16,7",0,"2167,2",8,RAMPA
99298,2025-12-16 09:48:40,"0,039","-0,033","2,39","2,42","2,46",0,"16,7",0,"2255,6",8,RAMPA
100268,2025-12-16 09:48:41,"0,04","-0,036","2,5","2,51","2,5",0,"16,7",0,"2363,8",8,RAMPA
101237,2025-12-16 09:48:42,"0,04","-0,038","2,64","2,58","2,56",0,"16,7",0,"2441,4",9,RAMPA
102206,2025-12-16 09:48:43,"0,039","-0,041","2,8","2,79","2,74",0,"16,7",0,"2543,1",9,RAMPA
103272,2025-12-16 09:48:44,"0,041","-0,045","2,86","2,82","2,84",0,"16,7",0,"2641,4",10,RAMPA
104242,2025-12-16 09:48:45,"0,042","-0,046","2,82","2,81","2,88",0,"16,7",0,"2659,8",10,PATAMAR_5S
105405,2025-12-16 09:48:46,"0,042","-0,046","2,87","2,84","2,83",0,"16,7",0,"2656,9",10,PATAMAR_5S
106374,2025-12-16 09:48:47,"0,042","-0,046","2,86","2,85","2,82",0,"16,7",0,"2662,5",10,CALC_DEG
107343,2025-12-16 09:48:48,"0,042","-0,045","2,84","2,83","2,83",0,"16,7",0,"2662,5",10,RAMPA
108313,2025-12-16 09:48:49,"0,043","-0,046","2,91","2,94","2,92",0,"16,7",0,"2699,6",10,RAMPA
109282,2025-12-16 09:48:50,"0,041","-0,05","3,11","3,08","3,13",0,"16,69",0,"2795,2",10,RAMPA
110251,2025-12-16 09:48:51,"0,042","-0,054","3,21","3,24","3,2",0,"16,7",0,"2879,3",11,RAMPA
111221,2025-12-16 09:48:52,"0,045","-0,057","3,38","3,32","3,39",0,"16,69",0,"2964,7",11,RAMPA
112190,2025-12-16 09:48:53,"0,047","-0,06","3,36","3,37","3,39",0,"16,69",0,"3051,7",12,RAMPA
113159,2025-12-16 09:48:54,"0,055","-0,064","3,61","3,6","3,48","0,38","16,69","6,32",3096,12,RAMPA
114128,2025-12-16 09:48:55,"0,056","-0,068","4,54","4,06","2,45","0,46","16,69","7,68","3197,7",12,RAMPA
115098,2025-12-16 09:48:56,"0,064","-0,073","3,65","3,7","3,88","0,44","16,68","7,41","3260,7",13,RAMPA
116067,2025-12-16 09:48:57,"0,07","-0,075","3,9","3,98","3,94","0,55","16,68","9,24","3352,5",13,RAMPA
117036,2025-12-16 09:48:58,"0,074","-0,077","3,97","3,99","4,09","1,23","16,68","20,59","3418,8",14,RAMPA
118006,2025-12-16 09:48:59,"0,079","-0,079","4,15","4,1","3,99","1,7","16,68","28,31","3468,3",14,RAMPA
118975,2025-12-16 09:49:00,"0,084","-0,083","4,28","4,25","4,24","1,88","16,68","31,39","3555,9",14,RAMPA
119944,2025-12-16 09:49:01,"0,089","-0,086","4,35","4,36","4,38","2,01","16,68","33,46","3622,3",15,RAMPA
121010,2025-12-16 09:49:02,"0,094","-0,092","4,59","4,51","4,49","2,97","16,67","49,5","3726,9",15,RAMPA
121980,2025-12-16 09:49:03,"0,096","-0,095","4,59","4,58","4,59","3,49","16,67","58,22","3768,8",16,RAMPA
122949,2025-12-16 09:49:04,"0,095","-0,097","4,68","4,69","4,62","5,36","16,67","89,29","3825,7",16,RAMPA
123918,2025-12-16 09:49:05,"0,092","-0,101","4,85","4,79","4,73","5,37","16,66","89,55","3905,4",16,RAMPA
124888,2025-12-16 09:49:06,"0,09","-0,106","4,93","4,88","4,84","5,52","16,66","91,96","3963,2",17,RAMPA
125954,2025-12-16 09:49:07,"0,09","-0,111","5,09","4,99","5,05","5,59","16,66","93,13","4016,3",17,RAMPA
126924,2025-12-16 09:49:08,"0,092","-0,113","5,16","5,08","5,06","6,96","16,66","115,87","4091,3",18,RAMPA
127893,2025-12-16 09:49:09,"0,094","-0,119","5,21","5,22","5,17","7,08","16,65","117,83","4130,9",18,RAMPA
128862,2025-12-16 09:49:10,"0,093","-0,122","5,38","5,25","5,33","6,72","16,65","111,88","4210,5",18,RAMPA
129832,2025-12-16 09:49:11,"0,094","-0,127","5,39","5,37","5,39","7,07","16,65","117,64","4259,2",19,RAMPA
130801,2025-12-16 09:49:12,"0,103","-0,132","5,48","5,45","5,5","6,83","16,65","113,66","4338,8",19,RAMPA
131867,2025-12-16 09:49:13,"0,106","-0,132","5,58","5,66","5,58","7,38","16,64","122,78","4398,3",20,RAMPA
132837,2025-12-16 09:49:14,"0,109","-0,133","5,63","5,58","5,61","7,33","16,64","121,98","4409,4",20,PATAMAR_5S
133806,2025-12-16 09:49:15,"0,109","-0,133","5,64","5,59","5,62","7,01","16,64","116,64","4409,6",20,PATAMAR_5S
134775,2025-12-16 09:49:16,"0,11","-0,133","5,64","5,68","5,63","7,58","16,64","126,09","4418,4",20,PATAMAR_5S
135744,2025-12-16 09:49:17,"0,107","-0,134","5,58","5,54","5,5","6,88","16,64","114,42","4427,2",20,CALC_DEG
136714,2025-12-16 09:49:18,"0,105","-0,133","5,64","5,58","5,6","7,17","16,64","119,37","4422,7",20,RAMPA
137780,2025-12-16 09:49:19,"0,108","-0,135","5,73","5,67","5,66","6,86","16,64","114,09","4446,5",20,RAMPA
138749,2025-12-16 09:49:20,"0,099","-0,14","5,82","5,85","5,83","7,21","16,63",120,"4502,4",20,RAMPA
139719,2025-12-16 09:49:21,"0,103","-0,144","5,35","6,35","6,03","7,23","16,63","120,3","4564,1",21,RAMPA
140688,2025-12-16 09:49:22,"0,1","-0,149","5,95","5,96","5,95","6,96","16,63","115,77","4604,2",21,RAMPA
141658,2025-12-16 09:49:23,"0,11","-0,154","6,14","6,11","6,04","7,33","16,63","121,91","4665,7",22,RAMPA
142724,2025-12-16 09:49:24,"0,111","-0,157","6,04","6,21","6,19","7,22","16,62",120,4732,22,RAMPA
143693,2025-12-16 09:49:25,"0,111","-0,163","6,39","6,32","6,21","7,5","16,62","124,72","4781,1",22,RAMPA
144662,2025-12-16 09:49:26,"0,11","-0,167","6,37","6,32","6,32","7,35","16,62","122,09","4820,9",23,RAMPA
145632,2025-12-16 09:49:27,"0,109","-0,167","6,51","6,4","6,38","7,36","16,62","122,27","4864,5",23,RAMPA
146601,2025-12-16 09:49:28,"0,111","-0,176","6,46","6,43","6,6","7,17","16,61","119,11","4913,8",24,RAMPA
147570,2025-12-16 09:49:29,"0,114","-0,18","6,7","6,63","6,63","7,18","16,61","119,35","4966,8",24,RAMPA
148540,2025-12-16 09:49:30,"0,114","-0,182","6,66","6,73","6,68","7,45","16,61","123,7","5036,8",24,RAMPA
149703,2025-12-16 09:49:31,"0,117","-0,186","6,83","6,79","6,8","5,53","16,61","91,77",5078,25,RAMPA
150672,2025-12-16 09:49:32,"0,121","-0,188","6,92","6,86","6,82","5,93","16,6","98,42","5117,2",25,RAMPA
151641,2025-12-16 09:49:33,"0,123","-0,193",7,"6,97","7,02","5,72","16,6","94,85","5174,7",26,RAMPA
152611,2025-12-16 09:49:34,"0,128","-0,198",7,"6,94","7,02","5,94","16,59","98,64","5209,1",26,RAMPA
153580,2025-12-16 09:49:35,"0,132","-0,201","7,16","7,15","7,11","5,65","16,58","93,73","5258,7",26,RAMPA
154549,2025-12-16 09:49:36,"0,131","-0,205","7,27","7,27","7,26","6,07","16,59","100,64","5311,8",27,RAMPA
155519,2025-12-16 09:49:37,"0,138","-0,207","7,33","7,26","7,25","5,78","16,58","95,82","5346,1",27,RAMPA
156488,2025-12-16 09:49:37,"0,139","-0,215","7,5","7,44","7,47","6,22","16,58","103,18","5400,3",28,RAMPA
157457,2025-12-16 09:49:38,"0,143","-0,22","7,51","7,49","7,49","5,81","16,58","96,39","5444,5",28,RAMPA
158427,2025-12-16 09:49:39,"0,144","-0,222","7,68","7,63","7,61","6,61","16,58","109,58","5483,1",28,RAMPA
159396,2025-12-16 09:49:40,"0,145","-0,227","7,49","7,42","7,46","6,38","16,57","105,79","5524,1",29,RAMPA
160462,2025-12-16 09:49:41,"0,146","-0,227","7,43","7,56","7,58","6,61","16,57","109,44","5540,1",29,RAMPA
161431,2025-12-16 09:49:42,"0,147","-0,228","7,76","7,65","7,66","6,51","16,56","107,82","5537,4",30,RAMPA
162401,2025-12-16 09:49:43,"0,144","-0,229","7,79","7,57","7,65","6,62","16,56","109,58","5536,1",30,PATAMAR_5S
163370,2025-12-16 09:49:44,"0,146","-0,227","7,58","7,8","7,62","6,2","16,56","102,62","5537,4",30,PATAMAR_5S
164339,2025-12-16 09:49:45,"0,144","-0,227","7,75","7,57","7,67","6,38","16,56","105,72","5537,4",30,PATAMAR_5S
165308,2025-12-16 09:49:46,"0,144","-0,23","7,75","7,59","7,63","6,51","16,56","107,78","5537,4",30,CALC_DEG
166375,2025-12-16 09:49:47,"0,144","-0,229","7,52","7,77","7,69","6,75","16,56","111,68","5538,9",30,RAMPA
167344,2025-12-16 09:49:48,"0,149","-0,231","7,93","7,82","7,88","6,55","16,56","108,47","5612,6",30,RAMPA
168313,2025-12-16 09:49:49,"0,154","-0,239","7,94","7,88","7,91","6,76","16,55","111,88","5678,9",30,RAMPA
169282,2025-12-16 09:49:50,"0,155","-0,241","8,05","8,05","8,03","7,34","16,55","121,45",5732,31,RAMPA
170252,2025-12-16 09:49:51,"0,155","-0,246","8,05","8,04","7,98","7,43","16,55","123,01","5779,1",31,RAMPA
171222,2025-12-16 09:49:52,"0,159","-0,25","8,21","8,18","8,05","7,54","16,54","124,73","5832,1",32,RAMPA
172289,2025-12-16 09:49:53,"0,159","-0,254","8,24","8,23","8,2","7,41","16,54","122,46","5872,3",32,RAMPA
173259,2025-12-16 09:49:54,"0,162","-0,256","8,29","8,32","8,24","7,66","16,54","126,7","5902,8",32,RAMPA
174229,2025-12-16 09:49:55,"0,164","-0,259","8,35","8,3","8,22","7,76","16,52","128,2","5960,2",33,RAMPA
175199,2025-12-16 09:49:56,"0,165","-0,264","8,48","8,36","8,37","7,57","16,53","125,08","5986,7",33,RAMPA
176169,2025-12-16 09:49:57,"0,167","-0,267","8,57","8,47","8,53","7,59","16,52","125,39","6035,3",34,RAMPA
177139,2025-12-16 09:49:58,"0,171","-0,271","8,63","8,61","8,51","7,54","16,52","124,49","6061,9",34,RAMPA
178109,2025-12-16 09:49:59,"0,172","-0,273","8,54","8,62","8,65","7,88","16,51","130,17","6088,4",34,RAMPA
179079,2025-12-16 09:50:00,"0,174","-0,278","8,7","8,75","8,73","8,25","16,51","136,22","6145,8",35,RAMPA
180049,2025-12-16 09:50:01,"0,179","-0,282","8,75","8,81","8,8","8,59","16,51","141,85","6172,3",35,RAMPA
181116,2025-12-16 09:50:02,"0,18","-0,286","8,88","8,84","8,82","8,57","16,5","141,42","6205,6",36,RAMPA
182086,2025-12-16 09:50:03,"0,184","-0,289","8,96","8,91","8,89","8,74","16,5","144,32","6251,8",36,RAMPA
183056,2025-12-16 09:50:04,"0,185","-0,295","8,94","9,01","8,97","8,61","16,5","141,99","6265,1",36,RAMPA
184026,2025-12-16 09:50:05,"0,188","-0,295","9,07","9,03","9,02","8,95","16,49","147,67","6313,7",37,RAMPA
184996,2025-12-16 09:50:06,"0,191","-0,297","9,13","9,07","9,07","9,16","16,49","151,09","6353,5",37,RAMPA
185966,2025-12-16 09:50:07,"0,192","-0,3","9,19","9,15","9,12","9,37","16,48","154,46","6393,2",38,RAMPA
186936,2025-12-16 09:50:08,"0,195","-0,304","9,29","9,21","9,21","9,42","16,48","155,13",6433,38,RAMPA
187906,2025-12-16 09:50:09,"0,196","-0,307","9,32","9,24","9,26","9,58","16,47","157,81","6472,8",38,RAMPA
188973,2025-12-16 09:50:10,"0,198","-0,315","9,43","9,38","9,33","9,8","16,47","161,37","6514,9",39,RAMPA
189942,2025-12-16 09:50:11,"0,201","-0,317","9,47","9,44","9,42","10,08","16,47","165,99","6528,1",39,RAMPA
190912,2025-12-16 09:50:12,"0,203","-0,315","9,56","9,53","9,53","10,33","16,46","170,1",6570,40,RAMPA
191882,2025-12-16 09:50:13,"0,203","-0,317","9,5","9,54","9,49","10,47","16,46","172,26","6587,6",40,PATAMAR_5S
193046,2025-12-16 09:50:14,"0,204","-0,317","9,51","9,39","9,47","10,47","16,46","172,28","6583,2",40,PATAMAR_5S
194016,2025-12-16 09:50:15,"0,201","-0,319","9,61","9,48","9,45","10,44","16,46","171,87","6583,2",40,CALC_DEG
194986,2025-12-16 09:50:16,"0,199","-0,32","9,53","9,46","9,41","7,85","16,46","129,12","6600,9",40,RAMPA
195956,2025-12-16 09:50:17,"0,201","-0,322","9,64","9,67","9,42","7,94","16,45","130,54","6614,1",40,RAMPA
196926,2025-12-16 09:50:18,"0,2","-0,326","9,64","9,7","9,62","8,09","16,44","133,04","6636,2",40,RAMPA
197896,2025-12-16 09:50:19,"0,203","-0,328","9,83","9,65","9,58","8,21","16,44","134,97","6689,2",41,RAMPA
198866,2025-12-16 09:50:20,"0,206","-0,331","9,25","9,32","8,85","8,09","16,44","132,93","6715,8",41,RAMPA
199835,2025-12-16 09:50:21,"0,205","-0,335","9,37","9,16","8,74","7,98","16,43","131,2","6753,6",42,RAMPA
200805,2025-12-16 09:50:22,"0,188","-0,336",10,"9,93","9,71",8,"16,42","131,36","6790,9",42,RAMPA
201775,2025-12-16 09:50:23,"0,195","-0,344","9,97","9,87","9,92","8,05","16,43","132,32","6817,4",42,RAMPA
202745,2025-12-16 09:50:24,"0,199","-0,347","10,09","10,02","9,89","7,74","16,42","127,13","6857,1",43,RAMPA
203715,2025-12-16 09:50:25,"0,2","-0,354","10,15","10,1","10,04","7,91","16,42","129,94","6901,3",43,RAMPA
204685,2025-12-16 09:50:26,"0,203","-0,36","10,24","10,19","10,14","8,03","16,42","131,78",6919,44,RAMPA
205655,2025-12-16 09:50:27,"0,202","-0,363","10,29","10,2","10,27","7,93","16,4","130,11","6985,3",44,RAMPA
206624,2025-12-16 09:50:28,"0,201","-0,366","10,45","10,46","10,35","8,23","16,4","134,95",7019,44,RAMPA
207594,2025-12-16 09:50:29,"0,204","-0,373","10,49","10,5","10,33","8,47","16,39","138,91","7078,1",45,RAMPA
208564,2025-12-16 09:50:30,"0,183","-0,376","10,55","10,5","10,47","8,63","16,39","141,5","7117,8",45,RAMPA
209534,2025-12-16 09:50:31,"0,179","-0,386","10,69","10,64","10,56","8,62","16,38","141,23","7135,5",46,RAMPA
210504,2025-12-16 09:50:31,"0,18","-0,389","10,92","10,75","10,38","9,09","16,38","148,88","7188,5",46,RAMPA
211474,2025-12-16 09:50:32,"0,185","-0,394","10,92","10,7","10,69","9,19","16,37","150,37","7254,8",46,RAMPA
212444,2025-12-16 09:50:33,"0,187","-0,401","10,84","10,79","10,8","9,52","16,36","155,73",7299,47,RAMPA
213413,2025-12-16 09:50:34,"0,189","-0,405","10,98","10,85","11,03","9,39","16,36","153,53","7337,5",47,RAMPA
214383,2025-12-16 09:50:35,"0,193","-0,404","11,11","11,02","11,15","9,59","16,35","156,87","7356,4",48,RAMPA
215450,2025-12-16 09:50:36,"0,195","-0,409","11,27","11,15","11,23","10,08","16,34","164,76","7422,7",48,RAMPA
216420,2025-12-16 09:50:37,"0,198","-0,419","11,23","11,2","11,26","9,73","16,35","159,13","7466,9",48,RAMPA
217390,2025-12-16 09:50:38,"0,199","-0,423","11,35","11,26","11,27","9,64","16,34","157,46","7493,4",49,RAMPA
218360,2025-12-16 09:50:39,"0,195","-0,427","11,67","11,66","11,58","10,22","16,32","166,78","7559,6",49,RAMPA
219330,2025-12-16 09:50:40,"0,194","-0,431","11,53","11,5","11,38","9,95","16,32","162,39","7603,8",50,RAMPA
220299,2025-12-16 09:50:41,"0,194","-0,431","11,5","11,47","11,46","10,19","16,32","166,27","7607,3",50,PATAMAR_5S
221269,2025-12-16 09:50:42,"0,191","-0,434","11,52","11,47","11,44","10,13","16,32","165,31","7599,4",50,PATAMAR_5S
222239,2025-12-16 09:50:43,"0,19","-0,433","11,44","11,43","11,36","9,93","16,32","161,99","7599,4",50,PATAMAR_5S
223306,2025-12-16 09:50:44,"0,193","-0,434","11,56","11,41","11,47","9,99","16,31","162,9","7595,4",50,CALC_DEG
224276,2025-12-16 09:50:45,"0,19","-0,431","11,49","11,45","11,35","9,88","16,31","161,18",7595,50,RAMPA
225246,2025-12-16 09:50:46,"0,187","-0,436","11,61","11,53","11,5","9,84","16,3","160,46",7648,50,RAMPA
226216,2025-12-16 09:50:47,"0,188","-0,437","11,6","11,58","11,51","9,65","16,3","157,24","7696,6",50,RAMPA
227186,2025-12-16 09:50:48,"0,187","-0,441","11,66","11,59","11,54","10,06","16,29","163,96","7736,4",51,RAMPA
228155,2025-12-16 09:50:49,"0,193","-0,447","11,85","11,76","11,79","10,06","16,28","163,82","7788,6",51,RAMPA
229126,2025-12-16 09:50:50,"0,19","-0,454","11,86","11,84","11,82","10,39","16,28","169,1","7812,3",52,RAMPA
230096,2025-12-16 09:50:51,"0,181","-0,463","12,11","12,08","11,98","10,8","16,28","175,79","7873,3",52,RAMPA
231163,2025-12-16 09:50:52,"0,179","-0,467","12,12","12,05","12,03","10,86","16,26","176,56","7904,7",52,RAMPA
232134,2025-12-16 09:50:53,"0,167","-0,47","12,19","12,09","12,04","11,14","16,26","181,08","7940,3",53,RAMPA
233104,2025-12-16 09:50:54,"0,177","-0,476","12,29","12,16","12,18","11,37","16,24","184,71","8001,5",53,RAMPA
234074,2025-12-16 09:50:55,"0,18","-0,483","12,4","12,29","12,35","11,35","16,24","184,29","8023,6",54,RAMPA
235239,2025-12-16 09:50:56,"0,182","-0,484","12,47","12,43","12,32","11,49","16,23","186,57","8074,8",54,RAMPA
236403,2025-12-16 09:50:57,"0,179","-0,486","12,59","12,44","12,46","11,76","16,22","190,74","8122,2",54,RAMPA
237762,2025-12-16 09:50:59,"0,176","-0,489","12,6","12,42","12,49","11,96","16,22","194,02",8152,55,RAMPA
239023,2025-12-16 09:51:00,"0,179","-0,491","12,8","12,64","12,68","12,33","16,21","199,88","8197,6",55,RAMPA
240284,2025-12-16 09:51:01,"0,176","-0,499","12,83","12,61","12,66","12,34","16,2","199,91","8231,6",56,RAMPA
241740,2025-12-16 09:51:03,"0,172","-0,5","12,81","12,73","12,67","12,42","16,19","201,04","8265,3",56,RAMPA
243001,2025-12-16 09:51:04,"0,176","-0,51","13,09","12,92",13,"12,91","16,18","208,87","8309,7",56,RAMPA
243972,2025-12-16 09:51:05,"0,172","-0,518","13,11","12,99","13,04","12,8","16,17",207,"8350,7",57,RAMPA
244942,2025-12-16 09:51:06,"0,179","-0,524","13,25","13,1","13,14","12,98","16,16","209,82","8394,7",57,RAMPA
245912,2025-12-16 09:51:07,"0,18","-0,525","13,26","13,15","13,23","13,32","16,16","215,15","8438,9",58,RAMPA
246883,2025-12-16 09:51:08,"0,177","-0,527","13,4","13,24","13,31","13,52","16,15","218,25","8483,2",58,RAMPA
247853,2025-12-16 09:51:09,"0,178","-0,532","13,52","13,26","13,29","13,56","16,14","218,86","8531,7",58,RAMPA
248920,2025-12-16 09:51:10,"0,178","-0,544","13,53","13,43","13,43","13,91","16,13","224,29","8547,3",59,RAMPA
249891,2025-12-16 09:51:11,"0,176","-0,543","13,6","13,51","13,57","14,23","16,12","229,43","8606,7",59,RAMPA
250861,2025-12-16 09:51:12,"0,179","-0,548","13,75","13,65","13,64","14,48","16,12","233,48","8637,7",60,RAMPA
251831,2025-12-16 09:51:13,"0,177","-0,55","13,72","13,61","13,65","14,31","16,12","230,58","8628,9",60,PATAMAR_5S
252802,2025-12-16 09:51:14,"0,184","-0,544","13,67","13,51","13,58","14,65","16,11","235,9",8642,60,PATAMAR_5S
253772,2025-12-16 09:51:15,"0,182","-0,545","13,7","13,6","13,55","14,71","16,1","236,82","8624,4",60,PATAMAR_5S
254839,2025-12-16 09:51:16,"0,178","-0,548","13,68","13,52","13,54","14,77","16,1","237,73","8611,6",60,CALC_DEG
255810,2025-12-16 09:51:17,"0,178","-0,548","13,65","13,5","13,58",15,"16,1","241,51","8611,2",60,RAMPA
256780,2025-12-16 09:51:18,"0,178","-0,55","13,68","13,64","13,62","15,01","16,09","241,6","8624,4",60,RAMPA
257750,2025-12-16 09:51:19,"0,174","-0,555","13,73","13,67","13,88","15,16","16,08","243,79",8673,60,RAMPA
258721,2025-12-16 09:51:20,"0,175","-0,565","13,96","13,82","13,84","15,26","16,07","245,27",8695,61,RAMPA
259691,2025-12-16 09:51:21,"0,176","-0,566","14,08","13,95","14,02","15,3","16,06","245,79","8748,2",61,RAMPA
260758,2025-12-16 09:51:22,"0,188","-0,568","14,17","14,09","14,02","15,52","16,06","249,13","8792,3",62,RAMPA
261729,2025-12-16 09:51:23,"0,19","-0,573","14,18","14,04","14,03","15,61","16,05","250,54","8809,8",62,RAMPA
262699,2025-12-16 09:51:24,"0,19","-0,579","14,44","14,33","14,34","15,79","16,04","253,27","8845,4",62,RAMPA
263669,2025-12-16 09:51:25,"0,193","-0,583","14,41","14,22","14,21","15,65","16,04","251,04",8894,63,RAMPA
264640,2025-12-16 09:51:26,"0,191","-0,586","14,6","14,47","14,45","15,38","16,02","246,53","8924,5",63,RAMPA
265610,2025-12-16 09:51:27,"0,197","-0,586","14,64","14,46","14,44","15,65","16,02","250,6","8969,1",64,RAMPA
266677,2025-12-16 09:51:28,"0,2","-0,596","14,61","14,45","14,47","15,61","16,01","249,95","8985,1",64,RAMPA
267647,2025-12-16 09:51:29,"0,195","-0,6","14,92","14,72","14,66","15,6",16,"249,58","9039,8",64,RAMPA
268619,2025-12-16 09:51:30,"0,2","-0,6","14,88","14,63","14,65","15,94","15,99","254,89","9070,2",65,RAMPA
269589,2025-12-16 09:51:31,"0,201","-0,604","17,09","15,11","14,13","16,3","15,98","260,48","9101,6",65,RAMPA
270559,2025-12-16 09:51:32,"0,203","-0,606","15,02","15,06","15,01","16,36","15,97","261,27",9137,66,RAMPA
271530,2025-12-16 09:51:33,"0,203","-0,605","15,11","15,08","15,04","16,3","15,96","260,16","9176,1",66,RAMPA
272597,2025-12-16 09:51:34,"0,206","-0,617","15,25","15,13","15,16","16,9","15,96","269,62",9198,66,RAMPA
273566,2025-12-16 09:51:35,"0,206","-0,62","15,18","15,08","15,11","16,72","15,94","266,46","9220,9",67,RAMPA
274538,2025-12-16 09:51:36,"0,206","-0,626","15,31","15,19","15,22","17,22","15,94","274,36","9237,9",67,RAMPA
275508,2025-12-16 09:51:37,"0,206","-0,628","15,46","15,33","15,43","17,34","15,92","276,13","9287,2",68,RAMPA
276478,2025-12-16 09:51:37,"0,212","-0,632","15,55","15,44","15,48","17,49","15,92","278,44","9291,6",68,RAMPA
277449,2025-12-16 09:51:38,"0,212","-0,642","15,74","15,55","15,58","17,62","15,9","280,19","9326,2",68,RAMPA
278613,2025-12-16 09:51:40,"0,214","-0,64","15,85","15,63","15,59","17,6","15,89","279,66","9359,4",69,RAMPA
279583,2025-12-16 09:51:41,"0,214","-0,647","15,7","15,6","15,68","18,05","15,89","286,85","9388,8",69,RAMPA
280554,2025-12-16 09:51:42,"0,221","-0,646","15,95","15,78","15,79","18,15","15,87","288,13","9423,3",70,RAMPA
281524,2025-12-16 09:51:43,"0,221","-0,65","15,9","15,74","15,72","17,76","15,87","281,92",9433,70,PATAMAR_5S
282494,2025-12-16 09:51:43,"0,224","-0,65","15,8","15,69","15,75","17,87","15,87","283,63","9424,2",70,PATAMAR_5S
283465,2025-12-16 09:51:44,"0,224","-0,649","15,89","15,74","15,77","18,08","15,86","286,77","9401,2",70,PATAMAR_5S
284435,2025-12-16 09:51:45,"0,217","-0,642","15,87","15,74","15,71","17,9","15,86","283,87","9405,6",70,CALC_DEG
285406,2025-12-16 09:51:46,"0,224","-0,648","15,83","15,68","15,68","17,8","15,86","282,23","9388,8",70,RAMPA
286377,2025-12-16 09:51:47,"0,223","-0,647","15,77","15,59","15,65","17,75","15,85","281,31","9405,6",70,RAMPA
287348,2025-12-16 09:51:48,"0,222","-0,654","16,05","15,89","15,85","18,19","15,84","288,08","9436,5",70,RAMPA
288318,2025-12-16 09:51:49,"0,222","-0,653","15,98","15,82","15,89","18,23","15,83","288,53","9481,6",71,RAMPA
289288,2025-12-16 09:51:50,"0,226","-0,657","16,24","15,95","15,95","18,61","15,82","294,27","9493,9",71,RAMPA
290260,2025-12-16 09:51:51,"0,223","-0,662","16,27","16,17","16,25","18,91","15,8","298,87","9520,4",72,RAMPA
291231,2025-12-16 09:51:52,"0,225","-0,662","16,35","16,12","16,13","18,86","15,8","297,99","9551,3",72,RAMPA
292201,2025-12-16 09:51:53,"0,225","-0,667","16,43","16,27","16,3","19,08","15,79","301,25","9596,5",72,RAMPA
293269,2025-12-16 09:51:54,"0,234","-0,673","16,49","16,35","16,39","19,29","15,78","304,42","9606,7",73,RAMPA
294240,2025-12-16 09:51:55,"0,232","-0,67","16,55","16,43","16,48","19,64","15,77","309,74","9635,1",73,RAMPA
295210,2025-12-16 09:51:56,"0,236","-0,673","16,61","16,44","16,46","19,88","15,76","313,41","9658,3",74,RAMPA
296181,2025-12-16 09:51:57,"0,242","-0,674","16,58","16,43","16,5","19,68","15,76","310,14",9666,74,RAMPA
297152,2025-12-16 09:51:58,"0,248","-0,675","16,66","16,46","16,54","19,96","15,75","314,46","9683,7",74,RAMPA
298123,2025-12-16 09:51:59,"0,256","-0,672","16,68","16,55","16,52","19,89","15,75","313,19","9692,5",75,RAMPA
299093,2025-12-16 09:52:00,"0,265","-0,678","16,68","16,5","16,51",20,"15,74","314,85",9676,75,RAMPA
300063,2025-12-16 09:52:01,"0,272","-0,677","16,63","16,48","16,49","20,02","15,74","315,14",9666,76,RAMPA
301132,2025-12-16 09:52:02,"0,269","-0,672","16,63","16,44","16,43","19,82","15,74","311,86","9666,9",76,RAMPA
302102,2025-12-16 09:52:03,"0,256","-0,672","16,58","16,46","16,5","19,94","15,73","313,62","9640,6",76,RAMPA
303073,2025-12-16 09:52:04,"0,25","-0,673","16,63","16,45","16,48","19,97","15,73","314,22","9630,7",77,RAMPA
304044,2025-12-16 09:52:05,"0,25","-0,67","16,59","16,42","16,44","19,92","15,72","313,15","9613,1",77,RAMPA
305013,2025-12-16 09:52:06,"0,251","-0,666","16,5","16,39","16,37","19,91","15,72","312,93",9623,78,RAMPA
305985,2025-12-16 09:52:07,"0,25","-0,667","16,52","16,33","16,38","19,85","15,72","311,93","9608,7",78,RAMPA
306956,2025-12-16 09:52:08,"0,244","-0,67","16,52","16,47","16,45","20,02","15,72","314,73","9599,8",78,RAMPA
307927,2025-12-16 09:52:09,"0,253","-0,67","16,58","16,4","16,42","20,02","15,71","314,5","9586,6",79,RAMPA
308994,2025-12-16 09:52:10,"0,255","-0,666","16,52","16,26","16,34","19,87","15,71","312,16","9591,6",79,RAMPA
309964,2025-12-16 09:52:11,"0,269","-0,669","16,41","16,24","16,25","19,95","15,71","313,43",9591,80,RAMPA
310936,2025-12-16 09:52:12,"0,264","-0,67","16,51","16,4","16,36","20,01","15,71","314,35","9568,9",80,PATAMAR_5S
311906,2025-12-16 09:52:13,"0,258","-0,666","16,4","16,28","16,26","19,85","15,7","311,64",9570,80,PATAMAR_5S
312877,2025-12-16 09:52:14,"0,254","-0,662","16,46","16,33","16,34","19,86","15,7","311,67","9560,1",80,PATAMAR_5S
313848,2025-12-16 09:52:15,"0,251","-0,662","16,48","16,29","16,27","19,83","15,7","311,19","9560,1",80,CALC_DEG
314817,2025-12-16 09:52:16,"0,254","-0,662","16,43","16,28","16,33","19,82","15,69",311,"9556,7",80,RAMPA
315789,2025-12-16 09:52:17,"0,25","-0,663","16,4","16,25","16,29","19,71","15,69","309,14","9564,5",-79,RAMPA
316857,2025-12-16 09:52:18,"0,251","-0,665","16,38","16,25","16,23","19,84","15,69","311,23","9546,5",-79,RAMPA
317827,2025-12-16 09:52:19,"0,248","-0,661","16,38","16,26","16,24","19,77","15,69","310,22","9547,9",-78,RAMPA
318798,2025-12-16 09:52:20,"0,249","-0,66","16,35","16,24","16,22","19,79","15,68","310,24",9538,-78,RAMPA
319769,2025-12-16 09:52:21,"0,249","-0,663","16,35","16,18","16,2","19,74","15,68","309,53",9538,-78,RAMPA
320934,2025-12-16 09:52:22,"0,254","-0,663","16,29","16,12","16,18","19,76","15,67","309,61","9535,3",-77,RAMPA
321904,2025-12-16 09:52:23,"0,248","-0,659","16,25","16,08","16,08","19,67","15,67","308,22","9543,4",-77,RAMPA
322875,2025-12-16 09:52:24,"0,243","-0,663","16,38","16,24","16,17","19,87","15,67","311,42",9516,-76,RAMPA
323846,2025-12-16 09:52:25,"0,245","-0,657","16,3","16,17","16,19","19,86","15,67","311,16","9524,8",-76,RAMPA
324816,2025-12-16 09:52:26,"0,234","-0,654","16,2","16,06","16,09","19,89","15,66","311,58","9530,2",-76,RAMPA
325787,2025-12-16 09:52:27,"0,244","-0,656","16,26","16,09","16,1","19,64","15,66","307,63",9516,-75,RAMPA
326758,2025-12-16 09:52:28,"0,244","-0,655","16,21","16,1","16,09","19,64","15,66","307,52","9520,4",-75,RAMPA
327728,2025-12-16 09:52:29,"0,241","-0,654","16,12","16,07","16,14","19,82","15,66","310,28","9503,7",-74,RAMPA
328699,2025-12-16 09:52:30,"0,241","-0,649","16,09","15,88","15,98","19,35","15,66","303,02","9480,7",-74,RAMPA
329669,2025-12-16 09:52:31,"0,237","-0,651","16,03","15,88","15,97","19,32","15,65","302,36","9450,7",-74,RAMPA
330638,2025-12-16 09:52:32,"0,238","-0,64","15,95","15,79","15,82","19,11","15,65","299,03","9437,4",-73,RAMPA
331610,2025-12-16 09:52:33,"0,233","-0,641","15,9","15,75","15,76","19,11","15,66","299,13",9388,-73,RAMPA
332580,2025-12-16 09:52:34,"0,233","-0,639","15,72","15,65","15,61","18,87","15,66","295,51","9371,1",-72,RAMPA
333550,2025-12-16 09:52:35,"0,229","-0,631","15,66","15,52","15,55","18,75","15,65","293,49","9309,3",-72,RAMPA
334520,2025-12-16 09:52:36,"0,229","-0,631","15,66","15,47","15,49","18,42","15,66","288,42","9265,1",-72,RAMPA
335491,2025-12-16 09:52:36,"0,232","-0,628","15,33","15,21","15,23","17,88","15,66",280,"9233,5",-71,RAMPA
336460,2025-12-16 09:52:37,"0,228","-0,621","15,37","15,12","15,16","18,03","15,66","282,32","9212,1",-71,RAMPA
337431,2025-12-16 09:52:38,"0,228","-0,616","15,24","15,11","15,08","17,7","15,66","277,27","9185,6",-70,RAMPA
338498,2025-12-16 09:52:39,"0,223","-0,609","13,22","12,91","12,51","17,54","15,66","274,7","9141,8",-70,RAMPA
339469,2025-12-16 09:52:40,"0,221","-0,606","15,72","15,12","14,67","17,32","15,67","271,42","9109,9",-70,RAMPA
340439,2025-12-16 09:52:41,"0,221","-0,606","15,93","15,84","15,78","17,27","15,66","270,51",9106,-70,PATAMAR_5S
341410,2025-12-16 09:52:42,"0,218","-0,607","12,81","13,42","13,47","17,46","15,66","273,36","9105,5",-70,PATAMAR_5S
342380,2025-12-16 09:52:43,"0,221","-0,606","14,48","15,11","16,62","17,54","15,66","274,62","9110,5",-70,PATAMAR_5S
343351,2025-12-16 09:52:44,"0,219","-0,605","16,79","15,12","13,97","17,61","15,66","275,7","9118,7",-70,CALC_DEG
344322,2025-12-16 09:52:45,"0,219","-0,605","13,97","15,59","16,3","17,36","15,65","271,68","9109,9",-70,RAMPA
345389,2025-12-16 09:52:46,"0,216","-0,597","14,99","14,64","14,56","16,92","15,65","264,79","9077,5",-69,RAMPA
346359,2025-12-16 09:52:47,"0,216","-0,596","14,81","14,61","14,67","16,85","15,65","263,68","9048,1",-69,RAMPA
347331,2025-12-16 09:52:48,"0,215","-0,596","14,73","14,57","14,6","16,9","15,64","264,46",9004,-68,RAMPA
348301,2025-12-16 09:52:49,"0,217","-0,589","14,62","14,47","14,55","16,51","15,65","258,41","8964,7",-68,RAMPA
349272,2025-12-16 09:52:50,"0,213","-0,592","14,6","14,45","14,48","16,37","15,65","256,26","8933,4",-68,RAMPA
350243,2025-12-16 09:52:51,"0,216","-0,579","14,35","14,27","14,28","16,21","15,65","253,71","8880,4",-67,RAMPA
351213,2025-12-16 09:52:52,"0,213","-0,571","14,25","14,16","14,19","15,91","15,65",249,"8867,5",-67,RAMPA
352184,2025-12-16 09:52:53,"0,211","-0,573","14,31","14,16","14,16","15,53","15,65","242,96","8827,4",-66,RAMPA
353155,2025-12-16 09:52:54,"0,21","-0,565","14,05","13,96",14,"15,27","15,65","238,99","8796,5",-66,RAMPA
354222,2025-12-16 09:52:55,"0,209","-0,565","14,12","14,01","14,06","15,18","15,66","237,68","8748,2",-66,RAMPA
355193,2025-12-16 09:52:56,"0,209","-0,563","13,93","13,8","13,81","14,99","15,65","234,62","8717,1",-65,RAMPA
356164,2025-12-16 09:52:57,"0,209","-0,556","13,82","13,75","13,67","14,74","15,65","230,68","8690,6",-65,RAMPA
357134,2025-12-16 09:52:58,"0,208","-0,551","13,75","13,58","13,62","14,59","15,66","228,5","8664,2",-64,RAMPA
358105,2025-12-16 09:52:59,"0,208","-0,542","13,59","13,45","13,49","14,3","15,65","223,78","8624,4",-64,RAMPA
359075,2025-12-16 09:53:00,"0,208","-0,54","13,54","13,48","13,41","14,2","15,66","222,38","8593,5",-64,RAMPA
360046,2025-12-16 09:53:01,"0,21","-0,536","13,45","13,36","13,37","14,51","15,66","227,13","8553,8",-63,RAMPA
361017,2025-12-16 09:53:02,"0,21","-0,534","13,34","13,21","13,3","14,12","15,66","221,2","8514,1",-63,RAMPA
362182,2025-12-16 09:53:03,"0,212","-0,531","13,23","13,13","13,22","13,94","15,65","218,13","8479,5",-62,RAMPA
363152,2025-12-16 09:53:04,"0,21","-0,521","13,21","13,05","13,1","13,71","15,65","214,52","8447,7",-62,RAMPA
364123,2025-12-16 09:53:05,"0,211","-0,522","13,02","12,98","12,98","13,6","15,66","212,91","8399,3",-62,RAMPA
365094,2025-12-16 09:53:06,"0,211","-0,518","13,03","12,98","12,97","13,42","15,66","210,18","8386,1",-61,RAMPA
366064,2025-12-16 09:53:07,"0,212","-0,51","12,87","12,8","12,81","13,3","15,66","208,33","8341,7",-61,RAMPA
367035,2025-12-16 09:53:08,"0,211","-0,507","12,77","12,72","12,74","13,08","15,66","204,94","8306,6",-60,RAMPA
368005,2025-12-16 09:53:09,"0,212","-0,505","12,67","12,58","12,62","12,92","15,66","202,32","8253,3",-60,RAMPA
368975,2025-12-16 09:53:10,"0,213","-0,502","12,53","12,49","12,52","12,77","15,67","200,13","8222,4",-60,RAMPA
369946,2025-12-16 09:53:11,"0,214","-0,499","12,64","12,55","12,52","12,76","15,66","199,94","8213,9",-60,PATAMAR_5S
370916,2025-12-16 09:53:12,"0,211","-0,499","12,57","12,48","12,47","12,8","15,66","200,51","8231,2",-60,PATAMAR_5S
371887,2025-12-16 09:53:13,"0,213","-0,498","12,64","12,54","12,57","12,82","15,66","200,72",8236,-60,PATAMAR_5S
372857,2025-12-16 09:53:14,"0,213","-0,497","12,63","12,49","12,48","12,75","15,66","199,59","8235,6",-60,CALC_DEG
373828,2025-12-16 09:53:15,"0,212","-0,496","12,62","12,5","12,54","12,82","15,66","200,7","8240,4",-60,RAMPA
374799,2025-12-16 09:53:16,"0,213","-0,5","12,68","12,57","12,52","12,8","15,65","200,22","8209,5",-59,RAMPA
375769,2025-12-16 09:53:17,"0,213","-0,496","12,5","12,37","12,39","12,49","15,66","195,62","8147,3",-59,RAMPA
376740,2025-12-16 09:53:18,"0,214","-0,489","12,43","12,34","12,27","12,34","15,65","193,21","8125,6",-58,RAMPA
377808,2025-12-16 09:53:19,"0,214","-0,483","12,34","12,19","12,23","12,14","15,66","190,09","8073,8",-58,RAMPA
378778,2025-12-16 09:53:20,"0,215","-0,479","12,22","12,11","12,11","12,1","15,66","189,36","8036,8",-58,RAMPA
379749,2025-12-16 09:53:21,"0,212","-0,478","12,06","12,08","12,03","11,96","15,66","187,23","8019,7",-57,RAMPA
380719,2025-12-16 09:53:22,"0,214","-0,473","12,02","11,88","11,88","11,61","15,66","181,78","7966,1",-57,RAMPA
381690,2025-12-16 09:53:23,"0,214","-0,47","11,94","11,82","11,84","11,6","15,66","181,67","7931,4",-56,RAMPA
382660,2025-12-16 09:53:24,"0,214","-0,464","11,87","11,76","11,8","11,61","15,66","181,94","7900,5",-56,RAMPA
383631,2025-12-16 09:53:25,"0,214","-0,454","11,66","11,57","11,58","11,22","15,66","175,68","7851,3",-56,RAMPA
384602,2025-12-16 09:53:26,"0,213","-0,454","11,62","11,58","11,56","11,03","15,66","172,82","7821,1",-55,RAMPA
385572,2025-12-16 09:53:27,"0,211","-0,451","11,53","11,49","11,47","10,88","15,67","170,47","7758,5",-55,RAMPA
386640,2025-12-16 09:53:28,"0,21","-0,446","11,41","11,38","11,4","10,77","15,68","168,89","7720,7",-54,RAMPA
387610,2025-12-16 09:53:29,"0,206","-0,441","11,41","11,31","11,28","10,67","15,67","167,21","7705,4",-54,RAMPA
388580,2025-12-16 09:53:30,"0,207","-0,438","11,33","11,14","11,22","10,48","15,68","164,34",7649,-54,RAMPA
389551,2025-12-16 09:53:31,"0,206","-0,432","11,24","11,19","11,23","10,41","15,68","163,26","7608,2",-53,RAMPA
390521,2025-12-16 09:53:32,"0,207","-0,429","11,08","10,99","11,02","10,03","15,68","157,34","7555,2",-53,RAMPA
391491,2025-12-16 09:53:32,"0,204","-0,422","11,05","10,92","10,95","9,93","15,69","155,71","7533,1",-52,RAMPA
392460,2025-12-16 09:53:33,"0,205","-0,418","10,92","10,88","10,85","9,76","15,69","153,1","7505,5",-52,RAMPA
393430,2025-12-16 09:53:34,"0,206","-0,413","10,98","10,75","10,71","9,69","15,69","151,94","7453,6",-52,RAMPA
394400,2025-12-16 09:53:35,"0,207","-0,411","10,77","10,75","10,66","9,54","15,69","149,72","7409,4",-51,RAMPA
395467,2025-12-16 09:53:36,"0,206","-0,404","10,55","10,56","10,63","9,2","15,7","144,48","7370,5",-51,RAMPA
396437,2025-12-16 09:53:37,"0,206","-0,402","10,61","10,48","10,48","9,17","15,7","143,88","7325,5",-50,RAMPA
397407,2025-12-16 09:53:38,"0,206","-0,397","10,52","10,52","10,51","8,98","15,7","141,01",7299,-50,RAMPA
398377,2025-12-16 09:53:39,"0,209","-0,397","10,72","10,23","10,1","9,02","15,7","141,61","7232,7",-50,RAMPA
399347,2025-12-16 09:53:40,"0,209","-0,393","10,56","10,61","10,24","8,96","15,69","140,59","7219,4",-50,PATAMAR_5S
400317,2025-12-16 09:53:41,"0,21","-0,396","10,43","10,34","10,48","8,87","15,7","139,22","7219,4",-50,PATAMAR_5S
401287,2025-12-16 09:53:42,"0,211","-0,394","10,55","10,31","10,28","8,91","15,7","139,88","7228,3",-50,PATAMAR_5S
402354,2025-12-16 09:53:43,"0,212","-0,394","10,45","10,36","10,46","8,98","15,7","140,97","7225,9",-50,CALC_DEG
403324,2025-12-16 09:53:44,"0,211","-0,395","10,49","10,36","10,4","9,04","15,69","141,83","7241,5",-50,RAMPA
404488,2025-12-16 09:53:45,"0,212","-0,392","10,43","10,36","10,34","8,97","15,69","140,8","7212,8",-49,RAMPA
405458,2025-12-16 09:53:46,"0,212","-0,387","10,32","10,2","10,21","8,84","15,7","138,72","7153,2",-49,RAMPA
406428,2025-12-16 09:53:47,"0,213","-0,385","10,18","10,13","10,14","8,8","15,69","138,14","7126,7",-48,RAMPA
407398,2025-12-16 09:53:48,"0,211","-0,378","10,16","10,1","10,07","8,95","15,7","140,51","7095,7",-48,RAMPA
408368,2025-12-16 09:53:49,"0,214","-0,373","10,04","9,93","9,93","8,55","15,7","134,27",7056,-48,RAMPA
409338,2025-12-16 09:53:50,"0,213","-0,371","10,01","9,91","9,95","8,55","15,7","134,21","6994,1",-47,RAMPA
410308,2025-12-16 09:53:51,"0,214","-0,367","9,93","9,8","9,73","8,64","15,7","135,66","6994,1",-47,RAMPA
411278,2025-12-16 09:53:52,"0,215","-0,367","9,85","9,78","9,73","8,52","15,7","133,87","6910,2",-46,RAMPA
412248,2025-12-16 09:53:53,"0,216","-0,363","9,72","9,77","9,64","8,59","15,71","135,01","6888,1",-46,RAMPA
413218,2025-12-16 09:53:54,"0,216","-0,356","9,64","9,59","9,5","8,13","15,72","127,79","6817,4",-46,RAMPA
414188,2025-12-16 09:53:55,"0,213","-0,35","9,58","9,57","9,48","8,31","15,72","130,6","6786,5",-45,RAMPA
415158,2025-12-16 09:53:56,"0,214","-0,349","8,76","8,75","9,4","8,33","15,72","130,93","6759,9",-45,RAMPA
416128,2025-12-16 09:53:57,"0,219","-0,344","9,36","9,39","9,42","7,89","15,72","124,01","6702,5",-44,RAMPA
417098,2025-12-16 09:53:58,"0,216","-0,341","9,34","9,25","9,26","7,92","15,72","124,49","6667,2",-44,RAMPA
418068,2025-12-16 09:53:59,"0,216","-0,335","9,19","9,18","9,23",8,"15,72","125,77","6636,2",-44,RAMPA
419038,2025-12-16 09:54:00,"0,217","-0,335","9,31","9,21","9,17","7,55","15,73","118,81","6583,2",-43,RAMPA
420008,2025-12-16 09:54:01,"0,219","-0,333","9,14","9,14","9,1","7,84","15,73","123,29","6552,3",-43,RAMPA
420978,2025-12-16 09:54:02,"0,218","-0,329","9,05","9,01","9,06","7,56","15,73","118,93","6516,9",-42,RAMPA
421948,2025-12-16 09:54:03,"0,219","-0,323","9,09","8,96","8,94","7,58","15,73","119,28",6486,-42,RAMPA
423015,2025-12-16 09:54:04,"0,213","-0,321","8,94","8,9","8,88","7,28","15,73","114,5","6438,6",-42,RAMPA
423985,2025-12-16 09:54:05,"0,19","-0,315","8,86","8,86","8,82","7,17","15,74","112,82","6415,3",-41,RAMPA
424955,2025-12-16 09:54:06,"0,188","-0,314","8,86","8,78","8,74","7,22","15,73","113,64","6397,6",-41,RAMPA
425926,2025-12-16 09:54:07,"0,186","-0,309","8,8","8,69","8,71","7,21","15,74","113,51",6369,-40,RAMPA
426896,2025-12-16 09:54:08,"0,184","-0,307","8,74","8,67","8,67","6,9","15,74","108,59","6322,5",-40,RAMPA
427866,2025-12-16 09:54:09,"0,182","-0,303","8,7","8,62","8,66","6,78","15,74","106,72","6291,6",-40,RAMPA
428836,2025-12-16 09:54:10,"0,182","-0,304","8,67","8,64","8,61","6,79","15,74","106,89","6291,6",-40,PATAMAR_5S
429903,2025-12-16 09:54:11,"0,181","-0,306","8,7","8,68","8,7","6,5","15,74","102,32","6277,9",-40,PATAMAR_5S
430873,2025-12-16 09:54:12,"0,185","-0,302","8,64","8,67","8,6","6,53","15,74","102,76","6278,4",-40,CALC_DEG
431843,2025-12-16 09:54:13,"0,184","-0,306","8,63","8,64","8,69","6,49","15,74","102,16","6278,4",-40,RAMPA
432813,2025-12-16 09:54:14,"0,182","-0,301","8,7","8,55","8,6","6,4","15,74","100,73","6260,7",-39,RAMPA
433783,2025-12-16 09:54:15,"0,185","-0,298","8,56","8,55","8,49","6,42","15,74","100,99","6234,2",-39,RAMPA
434753,2025-12-16 09:54:16,"0,185","-0,296","8,44","8,46","8,44","6,16","15,74",97,6190,-38,RAMPA
435723,2025-12-16 09:54:17,"0,177","-0,294","8,44","8,41","8,45","6,19","15,75","97,44","6145,8",-38,RAMPA
436693,2025-12-16 09:54:18,"0,175","-0,29","8,57","8,37","8,15","5,79","15,75","91,19","6123,7",-38,RAMPA
437760,2025-12-16 09:54:19,"0,173","-0,284","8,28","8,32","8,28",6,"15,75","94,47","6093,2",-37,RAMPA
438730,2025-12-16 09:54:20,"0,166","-0,283","8,37","8,23","8,15","5,82","15,75","91,72",6053,-37,RAMPA
439700,2025-12-16 09:54:21,"0,169","-0,278","8,21","8,15","8,09","5,75","15,75","90,63","6008,8",-36,RAMPA
440670,2025-12-16 09:54:22,"0,167","-0,277","8,13","8,13","8,1","5,7","15,75","89,75","5969,1",-36,RAMPA
441640,2025-12-16 09:54:23,"0,168","-0,276","8,29","8,12","8,06","5,79","15,75","91,16",5947,-36,RAMPA
442611,2025-12-16 09:54:24,"0,169","-0,272","8,03",8,"7,96","5,54","15,75","87,32","5905,5",-35,RAMPA
443581,2025-12-16 09:54:25,"0,169","-0,269","7,97","7,91","7,9","5,52","15,76","87,05","5876,3",-35,RAMPA
444648,2025-12-16 09:54:26,"0,172","-0,262","8,04","7,68","7,92","5,38","15,76","84,86","5840,1",-34,RAMPA
445618,2025-12-16 09:54:27,"0,172","-0,261","7,85","7,78","7,83","5,36","15,76","84,42","5805,6",-34,RAMPA
446588,2025-12-16 09:54:28,"0,172","-0,26","7,85","7,77","7,74","5,28","15,76","83,13","5765,8",-34,RAMPA
447752,2025-12-16 09:54:29,"0,174","-0,255","7,7","7,66","7,6","5,1","15,77","80,35","5740,1",-33,RAMPA
448722,2025-12-16 09:54:30,"0,175","-0,253","7,67","7,56","7,61","5,05","15,76","79,67","5699,6",-33,RAMPA
449692,2025-12-16 09:54:31,"0,175","-0,252","7,61","7,54","7,55","4,99","15,77","78,76",5651,-32,RAMPA
450662,2025-12-16 09:54:32,"0,176","-0,249","7,58","7,48","7,43","4,9","15,77","77,23","5597,9",-32,RAMPA
451632,2025-12-16 09:54:33,"0,176","-0,245","7,46","7,41","7,44","4,88","15,77","77,04","5584,7",-32,RAMPA
452602,2025-12-16 09:54:34,"0,172","-0,241","7,25","7,21","7,19","4,76","15,77","74,98","5549,3",-31,RAMPA
453572,2025-12-16 09:54:35,"0,167","-0,241","7,21","7,18","7,18","4,79","15,78","75,56","5540,5",-31,RAMPA
454542,2025-12-16 09:54:36,"0,165","-0,24","7,15","7,08","7,05","4,7","15,78","74,16","5536,1",-30,RAMPA
455512,2025-12-16 09:54:37,"0,164","-0,238","7,15","7,08",7,"4,7","15,78","74,2","5540,5",-30,RAMPA
456482,2025-12-16 09:54:37,"0,164","-0,233","7,08",7,"7,03","4,56","15,79","72,05","5438,9",-30,RAMPA
457452,2025-12-16 09:54:38,"0,164","-0,228","7,16","7,09","7,08","4,55","15,78","71,83",5377,-30,PATAMAR_5S
458422,2025-12-16 09:54:39,"0,171","-0,232","7,12","7,1","7,07","4,58","15,78","72,3","5368,2",-30,PATAMAR_5S
459393,2025-12-16 09:54:40,"0,17","-0,232","7,09","7,03","7,08","4,55","15,78","71,76","5380,3",-30,PATAMAR_5S
460363,2025-12-16 09:54:41,"0,156","-0,23","7,17","7,14","7,08","4,5","15,78","70,97","5381,4",-30,CALC_DEG
461332,2025-12-16 09:54:42,"0,157","-0,228","7,19","7,2","7,2","4,52","15,78","71,34","5382,6",-30,RAMPA
462302,2025-12-16 09:54:43,"0,155","-0,224","7,03","6,93","6,93","4,43","15,78","69,97","5350,5",-29,RAMPA
463272,2025-12-16 09:54:44,"0,153","-0,222","6,95","6,92","6,9","4,47","15,78","70,47","5301,9",-29,RAMPA
464242,2025-12-16 09:54:45,"0,15","-0,219","6,93","6,9","6,86","4,38","15,78","69,09","5257,7",-28,RAMPA
465212,2025-12-16 09:54:46,"0,148","-0,217","6,82","6,72","6,73","4,31","15,78",68,"5209,1",-28,RAMPA
466182,2025-12-16 09:54:47,"0,146","-0,213","6,75","6,76","6,7","4,27","15,78","67,46","5182,6",-28,RAMPA
467249,2025-12-16 09:54:48,"0,146","-0,205","6,62","6,61","6,61","4,15","15,79","65,54","5137,2",-27,RAMPA
468219,2025-12-16 09:54:49,"0,148","-0,204","6,52","6,47","6,66","4,14","15,79","65,35","5103,1",-27,RAMPA
469189,2025-12-16 09:54:50,"0,148","-0,204","6,54","6,5","6,53","4,01","15,8","63,35","5067,7",-26,RAMPA
470159,2025-12-16 09:54:51,"0,147","-0,2","6,6","6,27","6,24","3,99","15,8","62,99","5010,3",-26,RAMPA
471129,2025-12-16 09:54:52,"0,149","-0,196","6,41","6,22","6,23","4,02","15,8","63,49","4979,4",-26,RAMPA
472099,2025-12-16 09:54:53,"0,146","-0,194","6,27","6,19","6,21","4,03","15,8","63,61","4930,8",-25,RAMPA
473069,2025-12-16 09:54:54,"0,143","-0,189","6,16","6,17","6,16","3,7","15,8","58,53","4886,6",-25,RAMPA
474136,2025-12-16 09:54:55,"0,14","-0,186","6,15","6,08","6,07","3,62","15,8","57,2","4868,1",-24,RAMPA
475106,2025-12-16 09:54:56,"0,133","-0,183","6,01","5,97","5,97","3,51","15,8","55,55","4807,1",-24,RAMPA
476076,2025-12-16 09:54:57,"0,135","-0,18","5,95","5,91","5,93","3,45","15,8","54,5","4758,5",-24,RAMPA
477046,2025-12-16 09:54:58,"0,134","-0,176","5,78","5,83","5,82","3,4","15,81","53,68","4709,9",-23,RAMPA
478016,2025-12-16 09:54:59,"0,123","-0,172","5,79","5,75","5,72","3,34","15,81","52,83",4648,-23,RAMPA
478986,2025-12-16 09:55:00,"0,124","-0,168","5,74","5,66","5,72","3,31","15,81","52,38","4621,5",-22,RAMPA
479956,2025-12-16 09:55:01,"0,127","-0,166","5,62","5,67","5,64","3,23","15,81","51,02","4564,1",-22,RAMPA
480926,2025-12-16 09:55:02,"0,12","-0,163","5,57","5,53","5,48","3,05","15,81","48,21","4515,5",-22,RAMPA
481993,2025-12-16 09:55:03,"0,121","-0,157","5,4","5,39","5,43","3,04","15,82","48,02","4446,4",-21,RAMPA
482963,2025-12-16 09:55:04,"0,124","-0,156","5,36","5,33","5,33","2,99","15,82","47,36","4400,6",-21,RAMPA
483933,2025-12-16 09:55:05,"0,12","-0,152","5,27","5,27","5,28","3,02","15,82","47,73","4369,7",-20,RAMPA
484903,2025-12-16 09:55:06,"0,116","-0,149","5,23","5,15","5,16","2,91","15,82","45,99","4307,8",-20,RAMPA
485873,2025-12-16 09:55:07,"0,117","-0,145","5,14","5,1","5,12","2,84","15,82",45,"4259,2",-20,RAMPA
486843,2025-12-16 09:55:08,"0,119","-0,145","5,15","5,1","5,1","2,86","15,82","45,23","4241,5",-20,PATAMAR_5S
487813,2025-12-16 09:55:09,"0,118","-0,146","5,16","5,09","5,14","2,86","15,83","45,32",4246,-20,PATAMAR_5S
488880,2025-12-16 09:55:10,"0,119","-0,146","5,06","5,07","5,05","2,83","15,82","44,8","4245,5",-20,PATAMAR_5S
489850,2025-12-16 09:55:11,"0,122","-0,146","5,1","5,13","5,08","2,83","15,83","44,84",4246,-20,CALC_DEG
490820,2025-12-16 09:55:12,"0,113","-0,145","5,13","4,99","5,12","2,82","15,82","44,58",4246,-20,RAMPA
491984,2025-12-16 09:55:13,"0,109","-0,143","5,07",5,"5,01","2,77","15,83","43,92","4223,1",-19,RAMPA
492954,2025-12-16 09:55:14,"0,111","-0,139","4,95","4,89","4,91","2,7","15,83","42,79","4153,2",-19,RAMPA
493924,2025-12-16 09:55:15,"0,109","-0,136","4,88","4,84","4,8","2,66","15,83","42,04","4095,7",-18,RAMPA
494894,2025-12-16 09:55:16,"0,105","-0,131","4,74","4,7","4,72","2,57","15,84","40,64","4029,5",-18,RAMPA
495864,2025-12-16 09:55:17,"0,082","-0,128","4,65","4,65","4,61","2,48","15,84","39,34",3972,-18,RAMPA
496834,2025-12-16 09:55:18,"0,075","-0,125","4,7","4,62","4,6","2,45","15,84","38,85","3932,3",-17,RAMPA
497804,2025-12-16 09:55:19,"0,082","-0,122","4,42","4,47","4,48","2,42","15,84","38,29",3866,-17,RAMPA
498774,2025-12-16 09:55:20,"0,08","-0,117","4,4","4,41","4,36","2,31","15,84","36,54","3799,7",-16,RAMPA
499744,2025-12-16 09:55:21,"0,083","-0,113","4,26","4,18","4,17","2,2","15,84","34,78","3746,7",-16,RAMPA
500714,2025-12-16 09:55:22,"0,083","-0,111","4,15","3,96","3,83","2,18","15,84","34,47","3680,4",-16,RAMPA
501684,2025-12-16 09:55:23,"0,085","-0,108","4,1","4,08","4,15","2,17","15,84","34,31","3627,4",-15,RAMPA
502654,2025-12-16 09:55:24,"0,084","-0,105","3,95","3,97","3,97","2,14","15,85","33,92","3561,1",-15,RAMPA
503624,2025-12-16 09:55:25,"0,089","-0,102","3,94","3,86","3,87","2,04","15,85","32,41",3486,-14,RAMPA
504594,2025-12-16 09:55:26,"0,088","-0,099","3,75","3,75","3,73","1,9","15,85","30,12","3410,9",-14,RAMPA
505564,2025-12-16 09:55:27,"0,09","-0,095","3,65","3,63","3,63","1,96","15,86","31,13","3353,5",-14,RAMPA
506534,2025-12-16 09:55:28,"0,091","-0,093","3,69","3,53","3,54","1,83","15,86","29,06","3304,9",-13,RAMPA
507504,2025-12-16 09:55:29,"0,092","-0,09","3,51","3,19","3,21","1,81","15,86","28,7","3225,3",-13,RAMPA
508474,2025-12-16 09:55:29,"0,093","-0,087","3,44","3,45","3,32","1,71","15,86","27,17","3159,1",-12,RAMPA
509444,2025-12-16 09:55:30,"0,094","-0,084","3,34","3,32","3,32","1,62","15,86","25,67","3083,9",-12,RAMPA
510511,2025-12-16 09:55:32,"0,098","-0,081","3,17","3,16","3,1","1,64","15,86","26,03","3020,5",-12,RAMPA
511481,2025-12-16 09:55:32,"0,1","-0,079","3,05","3,06","3,06","1,64","15,86","26,06","2955,8",-11,RAMPA
512451,2025-12-16 09:55:33,"0,098","-0,075","2,93","2,9","2,9","1,54","15,86","24,45","2876,3",-11,RAMPA
513421,2025-12-16 09:55:34,"0,099","-0,072","2,87","2,82","2,84","1,5","15,86","23,72","2792,3",-10,RAMPA
514391,2025-12-16 09:55:35,"0,101","-0,07","2,8","2,76","2,76","1,5","15,87","23,86","2734,9",-10,RAMPA
515361,2025-12-16 09:55:36,"0,089","-0,064","2,58","2,59","2,55","1,5","15,87","23,73","2637,7",-10,RAMPA
516331,2025-12-16 09:55:37,"0,087","-0,063","2,6","2,61","2,58","1,47","15,87","23,34","2606,8",-10,PATAMAR_5S
517398,2025-12-16 09:55:38,"0,085","-0,062","2,63","2,58","2,62","1,44","15,87","22,79","2598,7",-10,PATAMAR_5S
518368,2025-12-16 09:55:39,"0,084","-0,063","2,59","2,62","2,6","1,5","15,87","23,76","2593,5",-10,CALC_DEG
519338,2025-12-16 09:55:40,"0,084","-0,062","2,61","2,6","2,6","1,54","15,87","24,51","2597,9",-10,RAMPA
520308,2025-12-16 09:55:41,"0,085","-0,061","2,57","2,54","2,52","1,43","15,87","22,76","2562,6",-9,RAMPA
521278,2025-12-16 09:55:42,"0,084","-0,058","2,39","2,37","2,33","1,47","15,88","23,27","2474,2",-9,RAMPA
522248,2025-12-16 09:55:43,"0,085","-0,056","2,32","2,3","2,29","1,4","15,88","22,17",2377,-8,RAMPA
523218,2025-12-16 09:55:44,"0,086","-0,054","2,26","2,22","2,22","1,31","15,88","20,77","2310,8",-8,RAMPA
524285,2025-12-16 09:55:45,"0,084","-0,05","2,08","2,01","2,03","1,33","15,88","21,11","2209,1",-8,RAMPA
525255,2025-12-16 09:55:46,"0,079","-0,048","1,95","1,99","1,96","1,28","15,88","20,34","2111,9",-7,RAMPA
526225,2025-12-16 09:55:47,"0,077","-0,036","0,5","0,49","0,46","0,98","15,88","15,58","1422,7",-7,RAMPA
527195,2025-12-16 09:55:48,"0,075","-0,023","0,49","0,49","0,47","0,98","15,89","15,49","313,7",-6,RAMPA
528165,2025-12-16 09:55:49,"0,076","-0,021","0,49","0,48","0,46","0,94","15,89","14,86","4,4",-6,RAMPA
529135,2025-12-16 09:55:50,"0,077","-0,021","0,46","0,44","0,45","0,93","15,89","14,73",0,-6,RAMPA
530105,2025-12-16 09:55:51,"0,078","-0,02","0,48","0,48","0,48","0,92","15,89","14,69",0,-5,RAMPA
531075,2025-12-16 09:55:52,"0,077","-0,021","0,5","0,48","0,51","0,9","15,89","14,38",0,-5,RAMPA
532141,2025-12-16 09:55:53,"0,078","-0,02","0,47","0,47","0,47","0,99","15,89","15,76",0,-4,RAMPA
533111,2025-12-16 09:55:54,"0,078","-0,02","0,47","0,49","0,47","0,76","15,89","12,03",0,-4,RAMPA
534081,2025-12-16 09:55:55,"0,078","-0,02","0,5","0,48","0,47","0,8","15,89","12,66",0,-4,RAMPA
535051,2025-12-16 09:55:56,"0,076","-0,02","0,44","0,45","0,44","0,52","15,89","8,2",0,-3,RAMPA
536214,2025-12-16 09:55:57,"0,08","-0,02","0,48","0,45","0,44","-0,38","15,88",0,0,-3,RAMPA
537183,2025-12-16 09:55:58,"0,077","-0,02","0,61","0,61","0,6","-0,42","15,88",0,0,-2,RAMPA
538154,2025-12-16 09:55:59,"0,078","-0,02","0,4","0,4","0,37","-0,98","15,88",0,0,-2,RAMPA
539123,2025-12-16 09:56:00,"0,077","-0,02","0,37","0,36","0,37",-1,"15,88",0,0,-2,RAMPA
540093,2025-12-16 09:56:01,"0,078","-0,02","0,37","0,37","0,37","-1,06","15,88",0,0,-1,RAMPA
541064,2025-12-16 09:56:02,"0,079","-0,02","0,4","0,39","0,39","-1,09","15,88",0,0,-1,RAMPA
542034,2025-12-16 09:56:03,"0,078","-0,02","0,39","0,38","0,37","-1,02","15,88",0,0,0,RAMPA
543004,2025-12-16 09:56:04,"0,078","-0,02","0,4","0,39","0,4","-1,02","15,88",0,0,0,RAMPA
543974,2025-12-16 09:56:05,"0,076","-0,02","0,4","0,4","0,4","-1,05","15,88",0,0,0,RAMPA
544946,2025-12-16 09:56:06,"0,077","-0,02","0,38","0,38","0,38","-0,95","15,88",0,0,0,PATAMAR_5S
545915,2025-12-16 09:56:07,"0,075","-0,019","0,37","0,38","0,38","-1,02","15,88",0,0,0,PATAMAR_5S
546885,2025-12-16 09:56:08,"0,077","-0,019","0,37","0,37","0,37","-1,01","15,88",0,0,0,PATAMAR_5S
547856,2025-12-16 09:56:09,"0,077","-0,019","0,4","0,38","0,36","-0,93","15,89",0,0,0,STOP
548825,2025-12-16 09:56:10,"0,078","-0,019","0,4","0,39","0,4","-1,05","15,88",0,0,0,STOP
549797,2025-12-16 09:56:11,"0,078","-0,019","0,39","0,37","0,36","-1,03","15,88",0,0,0,STOP
550766,2025-12-16 09:56:12,"0,076","-0,02","0,39","0,38","0,37","-1,06","15,89",0,0,0,STOP
551736,2025-12-16 09:56:13,"0,08","-0,02","0,39","0,39","0,39","-1,03","15,89",0,0,0,STOP
552706,2025-12-16 09:56:14,"0,078","-0,02","0,4","0,39","0,39","-1,08","15,88",0,0,0,STOP
553676,2025-12-16 09:56:15,"0,078","-0,02","0,38","0,39","0,38","-1,13","15,88",0,0,0,STOP
554648,2025-12-16 09:56:16,"0,078","-0,019","0,38","0,38","0,37","-1,05","15,89",0,0,0,STOP
555618,2025-12-16 09:56:17,"0,078","-0,019","0,39","0,41","0,4","-1,08","15,89",0,0,0,STOP
556588,2025-12-16 09:56:18,"0,078","-0,02","0,39","0,4","0,39","-1,1","15,89",0,0,0,STOP
557557,2025-12-16 09:56:19,"0,078","-0,019","0,39","0,38","0,4","-1,06","15,89",0,0,0,STOP
558527,2025-12-16 09:56:20,"0,079","-0,019","0,37","0,38","0,38","-1,11","15,89",0,0,0,STOP
559499,2025-12-16 09:56:20,"0,079","-0,02","0,37","0,35","0,35","-1,07","15,89",0,0,0,STOP
560469,2025-12-16 09:56:21,"0,078","-0,02","0,38","0,37","0,36","-1,03","15,89",0,0,0,STOP
561439,2025-12-16 09:56:22,"0,08","-0,019","0,38","0,38","0,38","-1,12","15,89",0,0,0,STOP
562409,2025-12-16 09:56:23,"0,077","-0,02","0,39","0,39","0,39","-1,09","15,89",0,0,0,STOP
563379,2025-12-16 09:56:24,"0,079","-0,019","0,4","0,38","0,37","-1,1","15,89",0,0,0,STOP
564350,2025-12-16 09:56:25,"0,078","-0,019","0,37","0,38","0,37","-1,05","15,88",0,0,0,STOP
565319,2025-12-16 09:56:26,"0,077","-0,02","0,41","0,39","0,39","-1,04","15,89",0,0,0,STOP
566290,2025-12-16 09:56:27,"0,078","-0,019","0,38","0,38","0,38","-1,1","15,89",0,0,0,STOP
567260,2025-12-16 09:56:28,"0,078","-0,019","0,4","0,39","0,4","-1,08","15,89",0,0,0,STOP
568230,2025-12-16 09:56:29,"0,079","-0,02","0,4","0,39","0,38","-1,07","15,89",0,0,0,STOP
569201,2025-12-16 09:56:30,"0,077","-0,019","0,4","0,4","0,39","-1,08","15,89",0,0,0,STOP
570171,2025-12-16 09:56:31,"0,078","-0,019","0,4","0,38","0,41","-1,13","15,89",0,0,0,STOP
571140,2025-12-16 09:56:32,"0,077","-0,019","0,4","0,38","0,38","-1,06","15,89",0,0,0,STOP
572110,2025-12-16 09:56:33,"0,078","-0,019","0,37","0,37","0,38","-1,06","15,89",0,0,0,STOP
573081,2025-12-16 09:56:34,"0,079","-0,02","0,4","0,4","0,41","-1,13","15,89",0,0,0,STOP
574051,2025-12-16 09:56:35,"0,078","-0,02","0,39","0,37","0,4","-1,16","15,89",0,0,0,STOP
575119,2025-12-16 09:56:36,"0,078","-0,02","0,4","0,4","0,39","-1,15","15,89",0,0,0,STOP
576089,2025-12-16 09:56:37,"0,077","-0,02","0,38","0,39","0,39","-1,18","15,89",0,0,0,STOP
577059,2025-12-16 09:56:38,"0,078","-0,02","0,38","0,39","0,38","-1,1","15,89",0,0,0,STOP
578029,2025-12-16 09:56:39,"0,079","-0,02","0,4","0,4","0,39","-1,11","15,89",0,0,0,STOP
578999,2025-12-16 09:56:40,"0,08","-0,02","0,38","0,37","0,38","-1,2","15,89",0,0,0,STOP
579970,2025-12-16 09:56:41,"0,081","-0,02","0,41","0,4","0,39","-1,05","15,89",0,0,0,STOP
580939,2025-12-16 09:56:42,"0,079","-0,02","0,36","0,36","0,36","-1,15","15,89",0,0,0,STOP
582104,2025-12-16 09:56:43,"0,081","-0,02","0,4","0,39","0,38","-1,19","15,89",0,0,0,STOP
583074,2025-12-16 09:56:44,"0,081","-0,02","0,39","0,37","0,39","-1,21","15,89",0,0,0,STOP
584044,2025-12-16 09:56:45,"0,079","-0,021","0,38","0,38","0,38","-1,19","15,9",0,0,0,STOP
585014,2025-12-16 09:56:46,"0,079","-0,021","0,42","0,41","0,42","-1,28","15,89",0,0,0,STOP
585983,2025-12-16 09:56:47,"0,082","-0,02","0,41","0,4","0,4","-1,23","15,89",0,0,0,STOP
586953,2025-12-16 09:56:48,"0,081","-0,02","0,41","0,39","0,4","-1,25","15,89",0,0,0,STOP
587924,2025-12-16 09:56:49,"0,081","-0,02","0,38","0,39","0,41","-1,34","15,89",0,0,0,STOP
588894,2025-12-16 09:56:50,"0,081","-0,02","0,39","0,38","0,37","-1,32","15,89",0,0,0,STOP
589864,2025-12-16 09:56:51,"0,08","-0,021","0,36","0,37","0,39","-1,36","15,89",0,0,0,STOP
590834,2025-12-16 09:56:52,"0,079","-0,02","0,39","0,39","0,4","-1,3","15,89",0,0,0,STOP
591803,2025-12-16 09:56:53,"0,079","-0,02","0,37","0,38","0,37","-1,34","15,89",0,0,0,STOP
592773,2025-12-16 09:56:54,"0,08","-0,021","0,41","0,4","0,41","-1,36","15,89",0,0,0,STOP
593744,2025-12-16 09:56:55,"0,08","-0,02","0,4","0,39","0,41","-1,32","15,89",0,0,0,STOP
594714,2025-12-16 09:56:56,"0,078","-0,02","0,39","0,37","0,38","-1,28","15,89",0,0,0,STOP
595684,2025-12-16 09:56:57,"0,079","-0,021","0,41","0,4","0,41","-1,39","15,89",0,0,0,STOP
596653,2025-12-16 09:56:58,"0,08","-0,02","0,37","0,36","0,38","-1,31","15,9",0,0,0,STOP
597623,2025-12-16 09:56:59,"0,081","-0,021","0,36","0,38","0,38","-1,39","15,89",0,0,0,STOP
598594,2025-12-16 09:57:00,"0,08","-0,021","0,36","0,36","0,37","-1,3","15,89",0,0,0,STOP
599564,2025-12-16 09:57:01,"0,081","-0,021","0,39","0,38","0,39","-1,3","15,9",0,0,0,STOP
600533,2025-12-16 09:57:02,"0,081","-0,02","0,36","0,36","0,38","-1,35","15,9",0,0,0,STOP
601599,2025-12-16 09:57:03,"0,08","-0,02","0,35","0,36","0,37","-1,41","15,89",0,0,0,STOP
602569,2025-12-16 09:57:04,"0,08","-0,02","0,38","0,38","0,39","-1,3","15,9",0,0,0,STOP
603539,2025-12-16 09:57:05,"0,08","-0,02",0,0,0,"-2,4","15,89",0,0,0,STOP
604510,2025-12-16 09:57:06,"0,08","-0,021",0,0,0,"-2,4","15,9",0,0,0,STOP
605480,2025-12-16 09:57:06,"0,08","-0,021",0,0,0,"-2,34","15,89",0,0,0,STOP
606451,2025-12-16 09:57:07,"0,08","-0,02",0,0,0,"-2,39","15,9",0,0,0,STOP
607420,2025-12-16 09:57:08,"0,08","-0,02",0,0,0,"-2,39","15,89",0,0,0,STOP
608391,2025-12-16 09:57:09,"0,08","-0,02",0,0,0,"-2,48","15,9",0,0,0,STOP
609361,2025-12-16 09:57:10,"0,08","-0,02",0,0,0,"-2,38","15,89",0,0,0,STOP
610332,2025-12-16 09:57:11,"0,08","-0,02",0,0,0,"-2,41","15,9",0,0,0,STOP
611398,2025-12-16 09:57:12,"0,08","-0,02",0,0,0,"-2,35","15,9",0,0,0,STOP
612369,2025-12-16 09:57:13,"0,08","-0,021",0,0,0,"-2,39","15,9",0,0,0,STOP
613340,2025-12-16 09:57:14,"0,08","-0,02",0,0,0,"-2,37","15,9",0,0,0,STOP
614309,2025-12-16 09:57:15,"0,079","-0,02",0,0,0,"-2,39","15,89",0,0,0,STOP
615281,2025-12-16 09:57:16,"0,08","-0,02",0,0,0,"-2,38","15,89",0,0,0,STOP
616251,2025-12-16 09:57:17,"0,08","-0,02",0,0,0,"-2,42","15,89",0,0,0,STOP
617220,2025-12-16 09:57:18,"0,079","-0,021",0,0,0,"-2,37","15,9",0,0,0,STOP
618191,2025-12-16 09:57:19,"0,08","-0,02",0,0,0,"-2,4","15,89",0,0,0,STOP
619161,2025-12-16 09:57:20,"0,08","-0,02",0,0,0,"-2,42","15,9",0,0,0,STOP
620132,2025-12-16 09:57:21,"0,079","-0,02",0,0,0,"-2,39","15,9",0,0,0,STOP
621103,2025-12-16 09:57:22,"0,081","-0,02",0,0,0,"-2,36","15,9",0,0,0,STOP
622073,2025-12-16 09:57:23,"0,079","-0,02",0,0,0,"-2,35","15,89",0,0,0,STOP
623042,2025-12-16 09:57:24,"0,081","-0,021",0,0,0,"-2,38","15,9",0,0,0,STOP
624110,2025-12-16 09:57:25,"0,079","-0,021",0,0,0,"-2,41","15,9",0,0,0,STOP
625080,2025-12-16 09:57:26,"0,08","-0,02",0,0,0,"-2,42","15,9",0,0,0,STOP
626050,2025-12-16 09:57:27,"0,08","-0,02",0,0,0,"-2,39","15,9",0,0,0,STOP
627019,2025-12-16 09:57:28,"0,081","-0,02",0,0,0,"-2,42","15,9",0,0,0,STOP
627989,2025-12-16 09:57:29,"0,08","-0,02",0,0,0,"-2,39","15,9",0,0,0,STOP
629154,2025-12-16 09:57:30,"0,078","-0,02",0,0,0,"-2,4","15,9",0,0,0,STOP
630123,2025-12-16 09:57:31,"0,08","-0,02",0,0,0,"-2,38","15,9",0,0,0,STOP
631093,2025-12-16 09:57:32,"0,078","-0,019",0,0,0,"-2,36","15,9",0,0,0,STOP
632063,2025-12-16 09:57:33,"0,079","-0,02",0,0,0,"-2,33","15,9",0,0,0,STOP
633033,2025-12-16 09:57:34,"0,079","-0,02",0,0,0,"-2,36","15,9",0,0,0,STOP
634003,2025-12-16 09:57:35,"0,081","-0,02",0,0,0,"-2,3","15,9",0,0,0,STOP
634972,2025-12-16 09:57:36,"0,079","-0,02",0,0,0,"-2,36","15,9",0,0,0,STOP
635943,2025-12-16 09:57:37,"0,08","-0,02",0,0,0,"-2,36","15,9",0,0,0,STOP
636912,2025-12-16 09:57:38,"0,079","-0,02",0,0,0,"-2,3","15,9",0,0,0,STOP
637881,2025-12-16 09:57:39,"0,081","-0,02",0,0,0,"-2,25","15,9",0,0,0,STOP
638851,2025-12-16 09:57:40,"0,079","-0,02",0,0,0,"-2,33","15,9",0,0,0,STOP
639822,2025-12-16 09:57:41,"0,079","-0,02",0,0,"0,31","-2,29","15,9",0,0,0,STOP
640792,2025-12-16 09:57:42,"0,079","-0,02","0,71","0,7","0,7","-1,22","15,9",0,0,0,STOP
641761,2025-12-16 09:57:43,"0,079","-0,02",0,0,0,"-2,34","15,9",0,0,0,STOP
642732,2025-12-16 09:57:44,"0,08","-0,02",0,0,0,"-2,36","15,9",0,0,0,STOP
643701,2025-12-16 09:57:45,"0,081","-0,02",0,0,0,"-2,36","15,9",0,0,0,STOP
644672,2025-12-16 09:57:46,"0,079","-0,02",0,0,0,"-2,31","15,89",0,0,0,STOP
645642,2025-12-16 09:57:47,"0,08","-0,02",0,0,0,"-2,32","15,9",0,0,0,STOP
646611,2025-12-16 09:57:48,"0,081","-0,02",0,0,0,"-2,36","15,9",0,0,0,STOP
647581,2025-12-16 09:57:49,"0,079","-0,02",0,0,0,"-2,39","15,9",0,0,0,STOP
648647,2025-12-16 09:57:50,"0,08","-0,02",0,0,0,"-2,3","15,9",0,0,0,STOP
649618,2025-12-16 09:57:51,"0,079","-0,02","0,37","0,37","0,37","-0,68","15,9",0,0,0,STOP
650588,2025-12-16 09:57:52,"0,079","-0,019",0,0,0,"-2,29","15,9",0,0,0,STOP
651558,2025-12-16 09:57:53,"0,078","-0,02","0,73","0,72","0,74","-1,48","15,9",0,0,0,STOP
652528,2025-12-16 09:57:54,"0,078","-0,019",0,0,0,"-2,28","15,9",0,0,0,STOP
653496,2025-12-16 09:57:54,"0,079","-0,02",0,0,0,"-2,26","15,9",0,0,0,STOP
654466,2025-12-16 09:57:55,"0,079","-0,019",0,0,0,"-2,33","15,9",0,0,0,STOP
655437,2025-12-16 09:57:56,"0,079","-0,02",0,0,0,"-2,31","15,9",0,0,0,STOP
656504,2025-12-16 09:57:57,"0,079","-0,02","0,43","0,43","0,42","-0,78","15,9",0,0,0,STOP
657474,2025-12-16 09:57:58,"0,08","-0,019","0,39","0,36","0,36","-0,78","15,9",0,0,0,STOP
658444,2025-12-16 09:57:59,"0,078","-0,019","0,3",0,0,"-2,25","15,9",0,0,0,STOP
659414,2025-12-16 09:58:00,"0,079","-0,019",0,0,0,"-2,32","15,9",0,0,0,STOP
660383,2025-12-16 09:58:01,"0,08","-0,019",0,0,0,"-2,29","15,9",0,0,0,STOP
661354,2025-12-16 09:58:02,"0,079","-0,02",0,0,0,"-2,28","15,9",0,0,0,STOP
662324,2025-12-16 09:58:03,"0,079","-0,019",0,0,0,"-2,29","15,9",0,0,0,STOP
663293,2025-12-16 09:58:04,"0,077","-0,019","0,46","0,46","0,46","-0,93","15,9",0,0,0,STOP
664264,2025-12-16 09:58:05,"0,079","-0,02","0,39","0,39","0,39","-1,05","15,9",0,0,0,STOP
665235,2025-12-16 09:58:06,"0,079","-0,019","0,46","0,47","0,45","-0,81","15,9",0,0,0,STOP
666204,2025-12-16 09:58:07,"0,079","-0,019","0,42","0,42","0,42","-0,89","15,9",0,0,0,STOP
667175,2025-12-16 09:58:08,"0,079","-0,019","0,42","0,41","0,41","-0,9","15,9",0,0,0,STOP
668144,2025-12-16 09:58:09,"0,078","-0,019","0,38","0,39","0,38","-0,83","15,9",0,0,0,STOP
669115,2025-12-16 09:58:10,"0,079","-0,019","0,37","0,39","0,37","-0,99","15,9",0,0,0,STOP
670085,2025-12-16 09:58:11,"0,077","-0,019","0,42","0,41","0,41","-0,82","15,9",0,0,0,STOP
671055,2025-12-16 09:58:12,"0,077","-0,019","0,4","0,39","0,38","-0,82","15,9",0,0,0,STOP
672121,2025-12-16 09:58:13,"0,079","-0,019","0,39","0,39","0,39","-0,9","15,9",0,0,0,STOP
673091,2025-12-16 09:58:14,"0,08","-0,019","0,4","0,39","0,4","-0,89","15,9",0,0,0,STOP
674062,2025-12-16 09:58:15,"0,079","-0,019","0,38","0,4","0,39","-0,94","15,9",0,0,0,STOP
675033,2025-12-16 09:58:16,"0,079","-0,019","0,41","0,39","0,4","-0,87","15,9",0,0,0,STOP
676196,2025-12-16 09:58:17,"0,078","-0,019","0,4","0,37","0,37","-0,99","15,9",0,0,0,STOP
677167,2025-12-16 09:58:18,"0,078","-0,019","0,4","0,39","0,37","-0,95","15,9",0,0,0,STOP
678137,2025-12-16 09:58:19,"0,079","-0,019","0,42","0,42","0,41","-0,99","15,9",0,0,0,STOP
679106,2025-12-16 09:58:20,"0,077","-0,019","0,42","0,43","0,42","-0,92","15,9",0,0,0,STOP
680077,2025-12-16 09:58:21,"0,077","-0,019","0,4","0,4","0,4","-0,97","15,9",0,0,0,STOP
681047,2025-12-16 09:58:22,"0,079","-0,019","0,45","0,42","0,44","-0,96","15,9",0,0,0,STOP
682017,2025-12-16 09:58:23,"0,077","-0,019","0,44","0,43","0,42","-0,93","15,9",0,0,0,STOP
682986,2025-12-16 09:58:24,"0,079","-0,019","0,41","0,39","0,39","-1,01","15,9",0,0,0,STOP
683957,2025-12-16 09:58:25,"0,078","-0,019","0,42","0,41","0,4","-0,86","15,9",0,0,0,STOP
684927,2025-12-16 09:58:26,"0,079","-0,019","0,41","0,4","0,39","-1,02","15,9",0,0,0,STOP
685897,2025-12-16 09:58:27,"0,077","-0,019","0,4","0,4","0,39","-1,01","15,9",0,0,0,STOP
686867,2025-12-16 09:58:28,"0,079","-0,019","0,44","0,44","0,42","-0,97","15,9",0,0,0,STOP
687838,2025-12-16 09:58:29,"0,078","-0,019","0,42","0,4","0,41","-0,91","15,9",0,0,0,STOP
